ID,ROL,VICTIMA,SEXO,EDAD,FECHA_FALLECIMIENTO
20160001,CONDUCTOR,MOTO,MASCULINO,19,2016-01-01
20160002,CONDUCTOR,AUTO,MASCULINO,70,2016-01-02
20160003,CONDUCTOR,MOTO,MASCULINO,30,2016-01-03
20160005,CONDUCTOR,MOTO,MASCULINO,29,2016-02-01
20160008,CONDUCTOR,MOTO,MASCULINO,30,2016-01-24
20160009,PASAJERO_ACOMPAÑANTE,MOTO,MASCULINO,29,2016-01-26
20160010,CONDUCTOR,MOTO,MASCULINO,18,2016-01-29
20160012,CONDUCTOR,MOTO,MASCULINO,22,2016-02-08
20160013,PEATON,PEATON,MASCULINO,16,2016-02-10
20160015,PEATON,PEATON,FEMENINO,16,2016-02-14
20160016,PASAJERO_ACOMPAÑANTE,MOTO,FEMENINO,19,2016-02-14
20160017,PEATON,PEATON,MASCULINO,59,2016-02-16
20160019,PEATON,PEATON,FEMENINO,65,2016-02-17
20160020,PEATON,PEATON,MASCULINO,59,2016-03-02
20160021,CONDUCTOR,AUTO,MASCULINO,34,2016-02-17
20160025,PASAJERO_ACOMPAÑANTE,AUTO,MASCULINO,34,2016-02-28
20160026,CONDUCTOR,AUTO,MASCULINO,30,2016-03-04
20160028,PEATON,PEATON,MASCULINO,50,2016-03-02
20160029,PEATON,PEATON,MASCULINO,38,2016-03-04
20160034,PEATON,PEATON,MASCULINO,52,2016-03-12
20160035,CONDUCTOR,MOTO,MASCULINO,34,2016-03-13
20160036,PASAJERO_ACOMPAÑANTE,MOTO,MASCULINO,36,2016-03-14
20160037,CONDUCTOR,MOTO,MASCULINO,20,2016-03-19
20160038,PEATON,PEATON,MASCULINO,29,2016-03-21
20160039,CONDUCTOR,MOTO,MASCULINO,20,2016-03-23
20160041,CONDUCTOR,MOTO,MASCULINO,54,2016-03-29
20160041,PASAJERO_ACOMPAÑANTE,MOTO,MASCULINO,30,2016-03-30
20160043,PEATON,PEATON,FEMENINO,56,2016-03-30
20160044,CONDUCTOR,MOTO,MASCULINO,24,2016-03-31
20160047,PEATON,PEATON,MASCULINO,41,2016-04-15
20160050,PEATON,PEATON,MASCULINO,78,2016-04-19
20160051,CONDUCTOR,MOTO,MASCULINO,36,2016-04-20
20160053,PEATON,PEATON,MASCULINO,38,2016-04-22
20160054,CONDUCTOR,MOTO,MASCULINO,30,2016-04-25
20160055,PEATON,PEATON,MASCULINO,79,2016-04-28
20160056,CONDUCTOR,MOTO,MASCULINO,26,2016-04-26
20160058,PEATON,PEATON,FEMENINO,57,2016-05-08
20160059,PEATON,PEATON,MASCULINO,37,2016-05-26
20160065,PEATON,PEATON,MASCULINO,20,2016-05-20
20160069,CONDUCTOR,AUTO,MASCULINO,30,2016-05-23
20160075,PEATON,PEATON,MASCULINO,42,2016-06-12
20160076,PEATON,PEATON,FEMENINO,53,2016-06-13
20160082,PEATON,PEATON,MASCULINO,87,2016-07-05
20160083,PEATON,PEATON,FEMENINO,76,2016-06-29
20160084,PEATON,PEATON,MASCULINO,57,2016-07-08
20160086,PEATON,PEATON,MASCULINO,75,2016-07-01
20160087,CONDUCTOR,MOTO,MASCULINO,23,2016-07-03
20160088,PEATON,PEATON,FEMENINO,70,2016-07-14
20160089,PEATON,PEATON,MASCULINO,35,2016-07-14
20160090,PEATON,PEATON,MASCULINO,60,2016-07-15
20160092,CONDUCTOR,MOTO,MASCULINO,24,2016-07-15
20160093,CONDUCTOR,AUTO,MASCULINO,35,2016-07-19
20160095,CONDUCTOR,MOTO,MASCULINO,29,2016-07-23
20160097,PEATON,PEATON,MASCULINO,80,2016-08-12
20160100,CONDUCTOR,MOTO,MASCULINO,57,2016-08-03
20160104,CONDUCTOR,MOTO,MASCULINO,21,2016-08-15
20160105,PEATON,PEATON,MASCULINO,19,2016-08-26
20160109,CONDUCTOR,AUTO,FEMENINO,53,2016-08-24
20160111,CONDUCTOR,MOTO,MASCULINO,27,2016-08-25
20160112,CONDUCTOR,MOTO,MASCULINO,24,2016-08-27
20160114,CICLISTA,BICICLETA,FEMENINO,55,2016-08-31
20160116,CONDUCTOR,MOTO,MASCULINO,30,2016-09-02
20160118,CONDUCTOR,AUTO,MASCULINO,27,2016-09-04
20160122,CICLISTA,BICICLETA,MASCULINO,49,2016-09-13
20160128,PEATON,PEATON,FEMENINO,81,2016-10-02
20160130,CONDUCTOR,MOTO,MASCULINO,29,2016-10-04
20160132,PASAJERO_ACOMPAÑANTE,AUTO,MASCULINO,30,2016-10-10
20160133,CONDUCTOR,MOTO,MASCULINO,41,2016-10-25
20160134,CONDUCTOR,MOTO,MASCULINO,25,2016-10-23
20160142,CONDUCTOR,MOTO,MASCULINO,46,2016-11-05
20160145,CONDUCTOR,MOTO,MASCULINO,39,2016-11-07
20160147,PASAJERO_ACOMPAÑANTE,MOVIL,MASCULINO,55,2016-11-16
20160150,PASAJERO_ACOMPAÑANTE,CARGAS,MASCULINO,41,2016-11-18
20160152,CONDUCTOR,MOTO,MASCULINO,42,2016-11-24
20160153,PEATON,PEATON,FEMENINO,83,2016-11-25
20160156,CONDUCTOR,MOTO,MASCULINO,23,2016-11-30
20160160,CONDUCTOR,CARGAS,MASCULINO,29,2016-12-06
20160161,PEATON,PEATON,MASCULINO,50,2016-12-06
20160162,PEATON,PEATON,MASCULINO,38,2017-01-01
20160168,CONDUCTOR,MOTO,MASCULINO,43,2016-12-13
20160169,CONDUCTOR,MOTO,MASCULINO,24,2016-12-16
20160170,PASAJERO_ACOMPAÑANTE,MOTO,MASCULINO,21,2016-12-19
20160172,CONDUCTOR,MOTO,MASCULINO,38,2016-12-26
20170001,CONDUCTOR,MOTO,MASCULINO,18,2017-01-02
20170003,PASAJERO_ACOMPAÑANTE,CARGAS,MASCULINO,33,2017-01-05
20170007,PEATON,PEATON,MASCULINO,48,2017-01-11
20170008,CONDUCTOR,MOTO,MASCULINO,29,2017-01-16
20170009,CONDUCTOR,MOTO,MASCULINO,36,2017-01-16
20170010,CONDUCTOR,MOTO,MASCULINO,23,2017-01-16
20170011,PASAJERO_ACOMPAÑANTE,MOTO,FEMENINO,29,2017-01-22
20170012,CONDUCTOR,MOTO,MASCULINO,30,2017-01-24
20170013,PEATON,PEATON,MASCULINO,4,2017-01-27
20170014,PASAJERO_ACOMPAÑANTE,MOTO,FEMENINO,22,2017-01-28
20170015,PEATON,PEATON,MASCULINO,82,2017-02-21
20170016,CONDUCTOR,MOTO,MASCULINO,27,2017-02-04
20170017,CONDUCTOR,MOTO,MASCULINO,32,2017-02-06
20170018,CONDUCTOR,MOTO,MASCULINO,30,2017-02-09
20170021,CONDUCTOR,MOTO,MASCULINO,43,2017-02-18
20170024,PEATON,PEATON,MASCULINO,39,2017-02-23
20170026,PASAJERO_ACOMPAÑANTE,AUTO,FEMENINO,23,2017-02-26
20170026,CONDUCTOR,AUTO,MASCULINO,19,2017-02-26
20170027,PEATON,PEATON,MASCULINO,30,2017-02-26
20170028,PEATON,PEATON,MASCULINO,87,2017-02-28
20170030,CONDUCTOR,AUTO,FEMENINO,27,2017-03-07
20170031,PASAJERO_ACOMPAÑANTE,AUTO,MASCULINO,70,2017-03-11
20170032,PASAJERO_ACOMPAÑANTE,AUTO,FEMENINO,40,2017-03-12
20170033,CONDUCTOR,AUTO,MASCULINO,28,2017-03-12
20170034,PEATON,PEATON,MASCULINO,43,2017-03-13
20170035,CONDUCTOR,AUTO,MASCULINO,28,2017-03-23
20170035,PASAJERO_ACOMPAÑANTE,AUTO,MASCULINO,32,2017-03-23
20170035,PASAJERO_ACOMPAÑANTE,AUTO,MASCULINO,30,2017-03-23
20170036,PASAJERO_ACOMPAÑANTE,MOTO,FEMENINO,30,2017-03-29
20170036,CONDUCTOR,MOTO,MASCULINO,20,2017-03-29
20170037,CONDUCTOR,MOTO,MASCULINO,41,2017-03-31
20170038,CONDUCTOR,MOTO,FEMENINO,40,2017-04-01
20170040,CONDUCTOR,AUTO,MASCULINO,43,2017-04-03
20170045,CONDUCTOR,MOTO,MASCULINO,21,2017-04-14
20170047,CONDUCTOR,MOTO,MASCULINO,37,2017-04-23
20170049,PEATON,PEATON,MASCULINO,22,2017-04-27
20170050,CONDUCTOR,MOTO,MASCULINO,46,2017-04-28
20170050,PASAJERO_ACOMPAÑANTE,MOTO,MASCULINO,16,2017-04-28
20170051,CONDUCTOR,AUTO,MASCULINO,33,2017-05-01
20170052,PEATON,PEATON,FEMENINO,47,2017-05-05
20170053,CONDUCTOR,MOTO,MASCULINO,28,2017-05-05
20170054,PASAJERO_ACOMPAÑANTE,MOTO,FEMENINO,20,2017-05-07
20170055,CONDUCTOR,AUTO,MASCULINO,32,2017-05-09
20170058,PEATON,PEATON,MASCULINO,80,2017-05-09
20170059,PEATON,PEATON,FEMENINO,39,2017-05-11
20170060,PASAJERO_ACOMPAÑANTE,MOTO,MASCULINO,30,2017-05-13
20170061,PEATON,PEATON,MASCULINO,47,2017-05-16
20170062,CONDUCTOR,MOTO,MASCULINO,35,2017-05-15
20170063,PEATON,PEATON,FEMENINO,79,2017-05-17
20170064,PASAJERO_ACOMPAÑANTE,CARGAS,MASCULINO,61,2017-05-20
20170065,CICLISTA,BICICLETA,MASCULINO,21,2017-05-22
20170066,PEATON,PEATON,MASCULINO,10,2017-05-22
20170067,CONDUCTOR,MOTO,MASCULINO,21,2017-05-23
20170068,CONDUCTOR,MOTO,MASCULINO,32,2017-05-27
20170070,PEATON,PEATON,MASCULINO,80,2017-05-31
20170072,CONDUCTOR,AUTO,MASCULINO,25,2017-06-03
20170073,CONDUCTOR,MOTO,MASCULINO,19,2017-06-04
20170075,PEATON,PEATON,MASCULINO,55,2017-06-12
20170076,PEATON,PEATON,FEMENINO,30,2017-06-13
20170077,CONDUCTOR,MOTO,FEMENINO,60,2017-06-18
20170079,CONDUCTOR,MOTO,MASCULINO,33,2017-06-19
20170080,PEATON,PEATON,FEMENINO,95,2017-06-22
20170082,PEATON,PEATON,MASCULINO,36,2017-06-25
20170083,CONDUCTOR,MOTO,MASCULINO,37,2017-07-04
20170084,PEATON,PEATON,FEMENINO,73,2017-07-05
20170085,PEATON,PEATON,MASCULINO,84,2017-07-07
20170086,PEATON,PEATON,FEMENINO,30,2017-07-09
20170087,PEATON,PEATON,FEMENINO,73,2017-07-10
20170088,PEATON,PEATON,MASCULINO,43,2017-07-10
20170090,PEATON,PEATON,MASCULINO,22,2017-07-15
20170092,PEATON,PEATON,MASCULINO,66,2017-07-24
20170093,PEATON,PEATON,MASCULINO,30,2017-07-25
20170094,CICLISTA,BICICLETA,FEMENINO,56,2017-07-27
20170095,CONDUCTOR,MOTO,MASCULINO,36,2017-08-06
20170096,PEATON,PEATON,MASCULINO,87,2017-08-07
20170098,PEATON,PEATON,FEMENINO,61,2017-08-08
20170099,CICLISTA,BICICLETA,MASCULINO,28,2017-08-17
20170100,PASAJERO_ACOMPAÑANTE,MOTO,FEMENINO,16,2017-08-21
20170101,PEATON,PEATON,FEMENINO,61,2017-08-23
20170102,PEATON,PEATON,MASCULINO,46,2017-08-24
20170104,PEATON,PEATON,FEMENINO,18,2017-08-25
20170106,PEATON,PEATON,FEMENINO,85,2017-08-31
20170107,CONDUCTOR,MOTO,MASCULINO,41,2017-09-01
20170108,PASAJERO_ACOMPAÑANTE,AUTO,MASCULINO,17,2017-09-02
20170108,PASAJERO_ACOMPAÑANTE,AUTO,MASCULINO,10,2017-09-02
20170109,CONDUCTOR,MOTO,MASCULINO,21,2017-09-05
20170110,PEATON,PEATON,MASCULINO,56,2017-09-07
20170111,PEATON,PEATON,FEMENINO,79,2017-09-07
20170112,PASAJERO_ACOMPAÑANTE,AUTO,MASCULINO,30,2017-09-13
20170113,PEATON,PEATON,FEMENINO,76,2017-09-11
20170114,CONDUCTOR,AUTO,MASCULINO,26,2017-09-15
20170116,CONDUCTOR,MOTO,MASCULINO,22,2017-09-20
20170118,PASAJERO_ACOMPAÑANTE,MOTO,FEMENINO,26,2017-09-29
20170120,CONDUCTOR,MOTO,MASCULINO,20,2017-10-02
20170123,PEATON,PEATON,FEMENINO,36,2017-10-10
20170124,CONDUCTOR,MOTO,MASCULINO,51,2017-10-12
20170125,CONDUCTOR,MOTO,MASCULINO,29,2017-10-13
20170126,CONDUCTOR,AUTO,MASCULINO,36,2017-10-14
20170127,PASAJERO_ACOMPAÑANTE,MOTO,MASCULINO,24,2017-10-16
20170128,PEATON,PEATON,FEMENINO,60,2017-10-17
20170129,CONDUCTOR,MOTO,MASCULINO,57,2017-10-26
20170130,CONDUCTOR,AUTO,MASCULINO,23,2017-10-27
20170132,CONDUCTOR,MOTO,MASCULINO,23,2017-10-30
20170134,PEATON,PEATON,FEMENINO,47,2017-11-06
20170135,CONDUCTOR,MOTO,MASCULINO,24,2017-11-07
20170136,PEATON,PEATON,MASCULINO,55,2017-11-16
20170137,PEATON,PEATON,FEMENINO,60,2017-11-17
20170138,PASAJERO_ACOMPAÑANTE,MOTO,MASCULINO,25,2017-11-19
20170139,PASAJERO_ACOMPAÑANTE,AUTO,FEMENINO,15,2017-11-19
20170140,CONDUCTOR,MOTO,MASCULINO,24,2017-11-19
20170141,PEATON,PEATON,FEMENINO,22,2017-11-23
20170143,CONDUCTOR,AUTO,MASCULINO,50,2017-11-25
20170144,PASAJERO_ACOMPAÑANTE,AUTO,FEMENINO,50,2017-11-26
20170145,CONDUCTOR,MOTO,MASCULINO,58,2017-11-26
20170147,CONDUCTOR,MOTO,MASCULINO,49,2017-11-28
20170148,PEATON,PEATON,FEMENINO,82,2017-11-29
20170149,PEATON,PEATON,MASCULINO,13,2017-11-30
20170150,PEATON,PEATON,MASCULINO,56,2017-12-04
20170151,PEATON,PEATON,MASCULINO,30,2017-12-04
20170152,CICLISTA,BICICLETA,MASCULINO,19,2017-12-06
20170153,PASAJERO_ACOMPAÑANTE,MOTO,MASCULINO,30,2017-12-12
20170153,CONDUCTOR,MOTO,MASCULINO,30,2017-12-12
20170154,PEATON,PEATON,MASCULINO,76,2017-12-11
20170157,CONDUCTOR,AUTO,MASCULINO,53,2017-12-17
20170158,CONDUCTOR,MOTO,MASCULINO,32,2017-12-18
20170159,CONDUCTOR,MOTO,MASCULINO,27,2017-12-20
20170160,PEATON,PEATON,FEMENINO,30,2017-12-22
20170161,PEATON,PEATON,FEMENINO,30,2017-12-26
20180001,PEATON,PEATON,MASCULINO,83,2018-01-02
20180002,CICLISTA,BICICLETA,FEMENINO,26,2018-01-03
20180003,PEATON,PEATON,FEMENINO,58,2018-01-05
20180004,CONDUCTOR,MOTO,MASCULINO,39,2018-01-09
20180005,PEATON,PEATON,MASCULINO,54,2018-01-09
20180006,CICLISTA,BICICLETA,FEMENINO,45,2018-01-10
20180007,CONDUCTOR,AUTO,MASCULINO,46,2018-01-11
20180008,CONDUCTOR,MOTO,FEMENINO,32,2018-01-12
20180009,CONDUCTOR,MOTO,MASCULINO,19,2018-01-14
20180010,CONDUCTOR,MOTO,MASCULINO,40,2018-01-18
20180011,PEATON,PEATON,MASCULINO,84,2018-01-19
20180012,CONDUCTOR,MOTO,MASCULINO,20,2018-01-26
20180013,CONDUCTOR,MOTO,MASCULINO,44,2018-01-28
20180014,PEATON,PEATON,MASCULINO,30,2018-02-04
20180015,CONDUCTOR,MOTO,MASCULINO,28,2018-02-06
20180015,PASAJERO_ACOMPAÑANTE,MOTO,MASCULINO,19,2018-02-06
20180016,CONDUCTOR,MOTO,MASCULINO,31,2018-02-15
20180017,PEATON,PEATON,MASCULINO,35,2018-02-20
20180018,CONDUCTOR,MOTO,MASCULINO,26,2018-02-17
20180019,PEATON,PEATON,FEMENINO,80,2018-02-17
20180020,CONDUCTOR,MOTO,MASCULINO,26,2018-02-19
20180021,PEATON,PEATON,FEMENINO,62,2018-02-22
20180022,CONDUCTOR,MOTO,MASCULINO,28,2018-02-24
20180023,CONDUCTOR,MOTO,MASCULINO,28,2018-02-24
20180024,PEATON,PEATON,MASCULINO,70,2018-02-28
20180025,PEATON,PEATON,MASCULINO,70,2018-03-05
20180026,CONDUCTOR,MOVIL,MASCULINO,24,2018-03-09
20180026,PASAJERO_ACOMPAÑANTE,MOVIL,MASCULINO,30,2018-03-09
20180027,PEATON,PEATON,FEMENINO,74,2018-03-11
20180028,PEATON,PEATON,MASCULINO,71,2018-03-13
20180029,CONDUCTOR,MOTO,MASCULINO,26,2018-03-15
20180030,CONDUCTOR,MOTO,MASCULINO,24,2018-03-20
20180031,CONDUCTOR,MOTO,MASCULINO,31,2018-03-28
20180032,PEATON,PEATON,MASCULINO,70,2018-04-02
20180033,CONDUCTOR,MOTO,FEMENINO,42,2018-04-10
20180034,PEATON,PEATON,MASCULINO,24,2018-04-11
20180035,PEATON,PEATON,FEMENINO,39,2018-04-12
20180036,CONDUCTOR,MOTO,MASCULINO,37,2018-04-15
20180037,PEATON,PEATON,MASCULINO,84,2018-04-19
20180038,PEATON,PEATON,FEMENINO,59,2018-04-20
20180038,PEATON,PEATON,MASCULINO,61,2018-04-20
20180039,PEATON,PEATON,MASCULINO,37,2018-04-21
20180040,PEATON,PEATON,FEMENINO,30,2018-04-27
20180041,PEATON,PEATON,FEMENINO,78,2018-04-27
20180042,PASAJERO_ACOMPAÑANTE,MOTO,MASCULINO,23,2018-04-27
20180043,CONDUCTOR,MOTO,MASCULINO,25,2018-04-29
20180044,PEATON,PEATON,FEMENINO,50,2018-04-28
20180045,CONDUCTOR,AUTO,MASCULINO,60,2018-04-30
20180046,PEATON,PEATON,MASCULINO,11,2018-05-02
20180047,PEATON,PEATON,MASCULINO,82,2018-05-09
20180048,PEATON,PEATON,MASCULINO,57,2018-05-16
20180049,PEATON,PEATON,FEMENINO,40,2018-05-13
20180050,PEATON,PEATON,FEMENINO,47,2018-05-24
20180051,PEATON,PEATON,FEMENINO,57,2018-05-15
20180052,PEATON,PEATON,MASCULINO,78,2018-05-19
20180053,CONDUCTOR,MOTO,MASCULINO,43,2018-05-20
20180054,PEATON,PEATON,FEMENINO,86,2018-05-25
20180055,CONDUCTOR,MOTO,MASCULINO,21,2018-05-29
20180056,PEATON,PEATON,FEMENINO,69,2018-06-04
20180057,CONDUCTOR,MOTO,MASCULINO,33,2018-06-04
20180058,CONDUCTOR,MOTO,MASCULINO,26,2018-06-13
20180059,CONDUCTOR,MOTO,MASCULINO,54,2018-06-08
20180060,PEATON,PEATON,MASCULINO,51,2018-06-08
20180061,CONDUCTOR,MOTO,MASCULINO,51,2018-06-10
20180062,PEATON,PEATON,MASCULINO,32,2018-06-14
20180063,PEATON,PEATON,FEMENINO,28,2018-06-17
20180064,CONDUCTOR,AUTO,MASCULINO,30,2018-06-25
20180065,CONDUCTOR,MOTO,MASCULINO,35,2018-06-26
20180066,PEATON,PEATON,MASCULINO,73,2018-06-28
20180067,PASAJERO_ACOMPAÑANTE,PASAJEROS,FEMENINO,81,2018-07-06
20180068,CONDUCTOR,MOTO,MASCULINO,21,2018-07-01
20180069,CICLISTA,BICICLETA,MASCULINO,20,2018-07-04
20180070,CONDUCTOR,MOTO,MASCULINO,33,2018-07-07
20180071,CONDUCTOR,MOTO,MASCULINO,30,2018-07-10
20180072,CONDUCTOR,MOTO,MASCULINO,27,2018-07-13
20180073,PEATON,PEATON,FEMENINO,67,2018-07-11
20180074,CONDUCTOR,AUTO,MASCULINO,25,2018-07-14
20180075,PEATON,PEATON,MASCULINO,23,2018-07-15
20180076,CONDUCTOR,AUTO,MASCULINO,73,2018-07-16
20180077,CONDUCTOR,AUTO,MASCULINO,58,2018-07-17
20180078,PEATON,PEATON,MASCULINO,27,2018-07-21
20180079,PEATON,PEATON,MASCULINO,30,2018-07-23
20180080,PEATON,PEATON,MASCULINO,26,2018-07-25
20180081,PEATON,PEATON,MASCULINO,35,2018-07-29
20180082,CONDUCTOR,MOTO,FEMENINO,17,2018-08-01
20180083,CONDUCTOR,MOTO,MASCULINO,30,2018-08-02
20180084,PEATON,PEATON,MASCULINO,45,2018-08-03
20180085,PASAJERO_ACOMPAÑANTE,MOTO,FEMENINO,22,2018-08-03
20180085,CONDUCTOR,MOTO,MASCULINO,30,2018-08-03
20180086,PEATON,PEATON,MASCULINO,40,2018-08-10
20180087,PEATON,PEATON,MASCULINO,75,2018-08-20
20180088,CONDUCTOR,MOTO,MASCULINO,30,2018-08-17
20180089,PEATON,PEATON,MASCULINO,80,2018-08-17
20180090,CONDUCTOR,MOTO,MASCULINO,27,2018-08-18
20180091,PASAJERO_ACOMPAÑANTE,AUTO,FEMENINO,23,2018-08-19
20180092,CONDUCTOR,MOTO,MASCULINO,23,2018-08-20
20180093,PEATON,PEATON,MASCULINO,24,2018-08-20
20180094,CONDUCTOR,MOTO,MASCULINO,32,2018-08-23
20180095,PASAJERO_ACOMPAÑANTE,AUTO,FEMENINO,49,2018-08-26
20180096,PEATON,PEATON,MASCULINO,39,2018-08-31
20180097,CONDUCTOR,AUTO,FEMENINO,35,2018-09-02
20180098,CONDUCTOR,AUTO,MASCULINO,55,2018-09-09
20180098,PASAJERO_ACOMPAÑANTE,AUTO,MASCULINO,54,2018-09-09
20180099,PEATON,PEATON,MASCULINO,18,2018-09-13
20180100,NO IDENTIFICADO,MOTO,FEMENINO,33,2018-09-20
20180101,CONDUCTOR,AUTO,MASCULINO,30,2018-09-21
20180102,CONDUCTOR,MOTO,MASCULINO,20,2018-09-21
20180103,PEATON,PEATON,MASCULINO,1,2018-09-29
20180104,CONDUCTOR,MOTO,MASCULINO,22,2018-10-01
20180105,PEATON,PEATON,FEMENINO,56,2018-10-03
20180106,CONDUCTOR,MOTO,MASCULINO,27,2018-10-04
20180107,PEATON,PEATON,FEMENINO,62,2018-10-06
20180108,CONDUCTOR,MOTO,MASCULINO,37,2018-10-10
20180109,PEATON,PEATON,MASCULINO,34,2018-10-10
20180110,PEATON,PEATON,MASCULINO,60,2018-10-14
20180111,CONDUCTOR,MOTO,MASCULINO,28,2018-10-19
20180112,CONDUCTOR,MOTO,FEMENINO,28,2018-10-24
20180113,CONDUCTOR,MOTO,MASCULINO,20,2018-10-25
20180114,CONDUCTOR,MOTO,MASCULINO,23,2018-10-30
20180115,PEATON,PEATON,MASCULINO,42,2018-11-01
20180116,PEATON,PEATON,MASCULINO,48,2018-11-08
20180117,CONDUCTOR,MOTO,MASCULINO,30,2018-11-08
20180118,PEATON,PEATON,FEMENINO,80,2018-11-05
20180120,PEATON,PEATON,FEMENINO,51,2018-11-20
20180121,PEATON,PEATON,FEMENINO,72,2018-11-09
20180122,CONDUCTOR,AUTO,MASCULINO,33,2018-11-12
20180124,CONDUCTOR,CARGAS,MASCULINO,44,2018-11-15
20180125,PEATON,PEATON,MASCULINO,29,2018-11-17
20180126,CONDUCTOR,MOTO,MASCULINO,27,2018-11-23
20180127,CONDUCTOR,MOTO,MASCULINO,29,2018-11-19
20180128,PASAJERO_ACOMPAÑANTE,AUTO,MASCULINO,49,2018-11-25
20180128,PASAJERO_ACOMPAÑANTE,AUTO,FEMENINO,39,2018-11-25
20180129,CONDUCTOR,MOTO,MASCULINO,37,2018-11-30
20180130,CONDUCTOR,MOTO,MASCULINO,30,2018-12-03
20180131,CONDUCTOR,MOTO,MASCULINO,29,2018-12-07
20180132,PEATON,PEATON,MASCULINO,70,2018-12-12
20180133,PEATON,PEATON,FEMENINO,60,2018-12-12
20180134,PEATON,PEATON,MASCULINO,56,2018-12-13
20180135,PEATON,PEATON,MASCULINO,80,2018-12-22
20180136,PEATON,PEATON,FEMENINO,70,2018-12-18
20180137,PASAJERO_ACOMPAÑANTE,MOTO,MASCULINO,29,2018-12-19
20180138,PASAJERO_ACOMPAÑANTE,PASAJEROS,FEMENINO,79,2018-12-21
20180139,PASAJERO_ACOMPAÑANTE,MOTO,MASCULINO,28,2018-12-24
20180140,CONDUCTOR,AUTO,MASCULINO,78,2018-12-22
20180141,PEATON,PEATON,MASCULINO,75,2018-12-24
20180142,PASAJERO_ACOMPAÑANTE,CARGAS,MASCULINO,32,2019-01-01
20180143,CONDUCTOR,MOTO,MASCULINO,22,2018-12-29
20190001,CONDUCTOR,MOTO,MASCULINO,25,2019-01-08
20190002,CONDUCTOR,AUTO,MASCULINO,32,2019-01-09
20190003,CONDUCTOR,MOTO,MASCULINO,23,2019-01-12
20190004,CONDUCTOR,AUTO,MASCULINO,71,2019-01-14
20190005,CONDUCTOR,MOTO,MASCULINO,43,2019-01-19
20190006,PEATON,PEATON,FEMENINO,12,2019-01-23
20190007,CONDUCTOR,MOTO,MASCULINO,35,2019-01-26
20190008,CONDUCTOR,MOTO,MASCULINO,42,2019-01-31
20190009,CONDUCTOR,MOTO,MASCULINO,34,2019-01-31
20190010,PEATON,PEATON,MASCULINO,30,2019-02-02
20190010,PEATON,PEATON,MASCULINO,59,2019-02-02
20190011,PEATON,PEATON,MASCULINO,30,2019-02-10
20190012,CONDUCTOR,MOTO,MASCULINO,31,2019-02-20
20190013,PEATON,PEATON,MASCULINO,39,2019-03-02
20190014,CONDUCTOR,MOTO,MASCULINO,69,2019-02-20
20190015,CONDUCTOR,AUTO,MASCULINO,21,2019-02-23
20190016,CONDUCTOR,MOTO,MASCULINO,40,2019-02-24
20190017,CONDUCTOR,AUTO,MASCULINO,22,2019-03-07
20190018,PEATON,PEATON,FEMENINO,29,2019-03-03
20190019,CONDUCTOR,MOTO,MASCULINO,30,2019-03-26
20190020,CONDUCTOR,MOTO,MASCULINO,43,2019-03-07
20190021,CONDUCTOR,MOTO,MASCULINO,23,2019-03-16
20190023,CONDUCTOR,AUTO,MASCULINO,34,2019-03-16
20190024,CONDUCTOR,MOTO,MASCULINO,32,2019-03-19
20190025,PEATON,PEATON,MASCULINO,27,2019-04-04
20190026,PEATON,PEATON,MASCULINO,30,2019-03-28
20190027,CICLISTA,BICICLETA,MASCULINO,37,2019-03-28
20190028,PEATON,PEATON,FEMENINO,30,2019-04-06
20190029,CONDUCTOR,MOTO,MASCULINO,27,2019-04-07
20190030,CONDUCTOR,MOTO,MASCULINO,25,2019-04-09
20190031,CICLISTA,BICICLETA,MASCULINO,20,2019-04-12
20190032,PEATON,PEATON,FEMENINO,83,2019-04-18
20190034,CONDUCTOR,MOTO,MASCULINO,30,2019-04-21
20190035,PEATON,PEATON,FEMENINO,75,2019-04-23
20190036,CONDUCTOR,MOTO,MASCULINO,34,2019-05-02
20190037,CONDUCTOR,MOTO,MASCULINO,17,2019-05-01
20190038,PEATON,PEATON,FEMENINO,42,2019-05-05
20190105,PEATON,PEATON,FEMENINO,82,2019-05-08
20190039,CONDUCTOR,MOTO,MASCULINO,28,2019-05-09
20190041,PASAJERO_ACOMPAÑANTE,AUTO,FEMENINO,78,2019-05-11
20190042,PEATON,PEATON,MASCULINO,39,2019-05-14
20190043,CICLISTA,BICICLETA,FEMENINO,30,2019-05-21
20190044,PEATON,PEATON,FEMENINO,77,2019-05-29
20190045,CONDUCTOR,MOTO,MASCULINO,33,2019-06-03
20190046,PASAJERO_ACOMPAÑANTE,MOTO,FEMENINO,26,2019-06-04
20190047,PEATON,PEATON,MASCULINO,76,2019-06-06
20190048,CONDUCTOR,MOTO,MASCULINO,32,2019-06-07
20190049,PEATON,PEATON,FEMENINO,72,2019-06-09
20190050,CONDUCTOR,MOTO,MASCULINO,21,2019-06-09
20190051,CONDUCTOR,MOTO,MASCULINO,41,2019-06-11
20190053,PASAJERO_ACOMPAÑANTE,AUTO,MASCULINO,49,2019-06-14
20190054,CONDUCTOR,MOTO,MASCULINO,21,2019-06-20
20190055,CONDUCTOR,MOTO,MASCULINO,47,2019-06-21
20190056,PEATON,PEATON,FEMENINO,75,2019-06-29
20190057,PEATON,PEATON,FEMENINO,63,2019-07-08
20190058,CONDUCTOR,MOTO,MASCULINO,39,2019-07-10
20190059,CONDUCTOR,MOTO,MASCULINO,30,2019-07-13
20190060,PEATON,PEATON,FEMENINO,78,2019-07-17
20190061,PEATON,PEATON,FEMENINO,58,2019-07-17
20190062,PEATON,PEATON,FEMENINO,60,2019-08-02
20190063,PASAJERO_ACOMPAÑANTE,MOTO,MASCULINO,30,2019-08-04
20190064,CONDUCTOR,MOTO,MASCULINO,20,2019-08-06
20190065,PEATON,PEATON,FEMENINO,55,2019-08-09
20190066,PEATON,PEATON,MASCULINO,40,2019-08-11
20190067,CONDUCTOR,MOTO,MASCULINO,35,2019-08-14
20190068,CONDUCTOR,MOTO,MASCULINO,53,2019-08-14
20190069,CONDUCTOR,MOTO,MASCULINO,43,2019-08-17
20190070,CONDUCTOR,MOTO,MASCULINO,25,2019-08-22
20190071,PEATON,PEATON,MASCULINO,30,2019-08-27
20190072,CONDUCTOR,AUTO,MASCULINO,22,2019-09-02
20190073,CONDUCTOR,AUTO,MASCULINO,29,2019-09-06
20190074,CONDUCTOR,MOTO,MASCULINO,35,2019-08-29
20190075,CONDUCTOR,MOTO,MASCULINO,31,2019-08-30
20190076,CONDUCTOR,MOTO,FEMENINO,29,2019-09-05
20190077,PEATON,PEATON,FEMENINO,28,2019-09-08
20190078,PEATON,PEATON,FEMENINO,72,2019-09-15
20190079,CONDUCTOR,MOTO,MASCULINO,57,2019-09-17
20190080,PEATON,PEATON,MASCULINO,76,2019-09-17
20190081,PEATON,PEATON,MASCULINO,67,2019-10-07
20190082,CICLISTA,BICICLETA,MASCULINO,47,2019-09-25
20190083,CONDUCTOR,AUTO,MASCULINO,73,2019-09-26
20190084,CICLISTA,BICICLETA,FEMENINO,40,2019-09-27
20190085,CICLISTA,BICICLETA,MASCULINO,20,2019-10-09
20190086,CONDUCTOR,MOTO,MASCULINO,29,2019-10-15
20190087,CONDUCTOR,MOTO,MASCULINO,41,2019-10-21
20190088,PEATON,PEATON,MASCULINO,27,2019-10-22
20190089,PEATON,PEATON,FEMENINO,92,2019-10-23
20190090,PEATON,PEATON,MASCULINO,67,2019-10-26
20190091,PEATON,PEATON,MASCULINO,35,2019-11-01
20190092,PEATON,PEATON,MASCULINO,37,2019-11-03
20190093,CICLISTA,BICICLETA,MASCULINO,16,2019-11-13
20190094,PASAJERO_ACOMPAÑANTE,MOTO,FEMENINO,30,2019-11-18
20190095,CONDUCTOR,MOTO,MASCULINO,30,2019-11-20
20190096,PEATON,PEATON,MASCULINO,73,2019-11-22
20190097,PASAJERO_ACOMPAÑANTE,MOTO,FEMENINO,23,2019-11-25
20190098,PASAJERO_ACOMPAÑANTE,PASAJEROS,FEMENINO,61,2019-11-29
20190100,CONDUCTOR,MOTO,MASCULINO,38,2019-12-18
20190101,CONDUCTOR,MOTO,MASCULINO,25,2019-12-17
20190102,CONDUCTOR,MOTO,MASCULINO,18,2019-12-18
20190104,PASAJERO_ACOMPAÑANTE,MOTO,FEMENINO,23,2019-12-22
20200001,PEATON,PEATON,FEMENINO,87,2020-01-04
20200002,CONDUCTOR,MOTO,MASCULINO,36,2020-01-07
20200003,PEATON,PEATON,MASCULINO,44,2020-01-11
20200004,PEATON,PEATON,MASCULINO,82,2020-01-15
20200005,CONDUCTOR,MOTO,MASCULINO,25,2020-02-10
20200006,CONDUCTOR,MOTO,MASCULINO,23,2020-01-20
20200007,PEATON,PEATON,MASCULINO,52,2020-01-27
20200008,CONDUCTOR,MOTO,MASCULINO,49,2020-01-30
20200009,PEATON,PEATON,MASCULINO,48,2020-02-05
20200010,CONDUCTOR,MOTO,MASCULINO,30,2020-02-08
20200011,CONDUCTOR,MOTO,MASCULINO,31,2020-02-12
20200012,PEATON,PEATON,FEMENINO,66,2020-02-18
20200013,PEATON,PEATON,FEMENINO,58,2020-03-03
20200014,CONDUCTOR,MOTO,MASCULINO,30,2020-02-27
20200015,CONDUCTOR,MOTO,MASCULINO,29,2020-02-28
20200016,PEATON,PEATON,MASCULINO,68,2020-03-09
20200017,PEATON,PEATON,MASCULINO,30,2020-03-05
20200018,CONDUCTOR,MOTO,MASCULINO,31,2020-03-09
20200019,PEATON,PEATON,FEMENINO,80,2020-03-10
20200020,PEATON,PEATON,FEMENINO,74,2020-03-17
20200021,PEATON,PEATON,FEMENINO,87,2020-03-14
20200022,PASAJERO_ACOMPAÑANTE,AUTO,MASCULINO,44,2020-04-07
20200023,CONDUCTOR,AUTO,MASCULINO,44,2020-05-03
20200024,CONDUCTOR,AUTO,MASCULINO,53,2020-04-24
20200025,PEATON,PEATON,MASCULINO,30,2020-05-12
20200026,CONDUCTOR,MOTO,MASCULINO,28,2020-05-17
20200027,PEATON,PEATON,MASCULINO,76,2020-05-18
20200028,PEATON,PEATON,MASCULINO,91,2020-05-23
20200029,PEATON,PEATON,MASCULINO,80,2020-06-12
20200030,CONDUCTOR,MOTO,MASCULINO,40,2020-06-16
20200031,CONDUCTOR,MOTO,MASCULINO,29,2020-06-30
20200032,CONDUCTOR,MOTO,MASCULINO,21,2020-07-10
20200033,CONDUCTOR,AUTO,MASCULINO,32,2020-07-19
20200034,PEATON,PEATON,FEMENINO,30,2020-08-02
20200035,CONDUCTOR,MOTO,MASCULINO,40,2020-08-04
20200036,PEATON,PEATON,MASCULINO,72,2020-08-22
20200037,PEATON,PEATON,MASCULINO,38,2020-08-29
20200038,CONDUCTOR,AUTO,MASCULINO,46,2020-08-30
20200038,CONDUCTOR,AUTO,MASCULINO,64,2020-08-30
20200039,PEATON,PEATON,MASCULINO,44,2020-09-01
20200040,CONDUCTOR,AUTO,MASCULINO,30,2020-09-12
20200041,CONDUCTOR,MOTO,MASCULINO,34,2020-09-28
20200042,PEATON,PEATON,FEMENINO,53,2020-09-29
20200043,PEATON,PEATON,MASCULINO,64,2020-09-30
20200044,CONDUCTOR,AUTO,MASCULINO,43,2020-10-05
20200045,CONDUCTOR,AUTO,MASCULINO,50,2020-10-19
20200046,CONDUCTOR,MOTO,MASCULINO,41,2020-10-27
20200047,PEATON,PEATON,MASCULINO,15,2020-10-27
20200048,CONDUCTOR,MOTO,MASCULINO,41,2020-10-29
20200049,PEATON,PEATON,MASCULINO,36,2020-10-30
20200050,PEATON,PEATON,FEMENINO,28,2020-11-01
20200051,CONDUCTOR,MOTO,MASCULINO,49,2020-11-05
20200052,CICLISTA,BICICLETA,MASCULINO,44,2020-11-07
20200053,PASAJERO_ACOMPAÑANTE,AUTO,MASCULINO,27,2020-11-09
20200054,CICLISTA,BICICLETA,MASCULINO,59,2020-11-23
20200055,PEATON,PEATON,MASCULINO,91,2020-12-11
20200056,CONDUCTOR,MOTO,FEMENINO,34,2020-11-21
20200057,PEATON,PEATON,MASCULINO,84,2020-11-23
20200058,PEATON,PEATON,MASCULINO,57,2020-11-25
20200059,PEATON,PEATON,FEMENINO,49,2020-12-14
20200060,PEATON,PEATON,FEMENINO,69,2020-12-03
20200061,CONDUCTOR,MOTO,MASCULINO,45,2020-12-04
20200062,CICLISTA,BICICLETA,MASCULINO,47,2020-12-04
20200063,PEATON,PEATON,MASCULINO,38,2020-12-05
20200063,PASAJERO_ACOMPAÑANTE,MOTO,MASCULINO,21,2020-12-05
20200065,CONDUCTOR,MOTO,MASCULINO,24,2020-12-06
20200066,CONDUCTOR,MOTO,MASCULINO,27,2020-12-07
20200067,PEATON,PEATON,MASCULINO,51,2020-12-11
20200068,CONDUCTOR,MOTO,MASCULINO,71,2020-12-20
20200069,PASAJERO_ACOMPAÑANTE,MOTO,MASCULINO,25,2020-12-15
20200070,PEATON,PEATON,FEMENINO,81,2020-12-22
20200071,PEATON,PEATON,MASCULINO,4,2020-12-17
20200072,CICLISTA,BICICLETA,MASCULINO,42,2020-12-19
20200073,CONDUCTOR,MOTO,MASCULINO,56,2020-12-20
20200074,CONDUCTOR,AUTO,MASCULINO,39,2020-12-20
20200075,PEATON,PEATON,MASCULINO,23,2020-12-23
20200076,CONDUCTOR,AUTO,FEMENINO,78,2021-01-17
20200077,CONDUCTOR,MOTO,FEMENINO,30,2020-12-25
20200077,PASAJERO_ACOMPAÑANTE,MOTO,FEMENINO,24,2020-12-25
20200078,CICLISTA,BICICLETA,MASCULINO,26,2020-12-25
20200079,CONDUCTOR,MOTO,MASCULINO,28,2020-12-27
20210001,CONDUCTOR,MOTO,MASCULINO,36,2021-01-06
20210002,CONDUCTOR,MOTO,FEMENINO,47,2021-01-07
20210003,CONDUCTOR,MOTO,MASCULINO,27,2021-01-10
20210004,PEATON,PEATON,FEMENINO,61,2021-01-11
20210005,PEATON,PEATON,MASCULINO,73,2021-01-14
20210006,PASAJERO_ACOMPAÑANTE,MOTO,FEMENINO,23,2021-01-12
20210007,CONDUCTOR,MOTO,MASCULINO,84,2021-01-26
20210008,PEATON,PEATON,MASCULINO,28,2021-01-22
20210009,CONDUCTOR,MOTO,MASCULINO,31,2021-01-23
20210010,CONDUCTOR,MOTO,MASCULINO,28,2021-01-23
20210011,PEATON,PEATON,MASCULINO,21,2021-01-27
20210012,PEATON,PEATON,MASCULINO,30,2021-01-29
20210013,CONDUCTOR,MOTO,MASCULINO,41,2021-01-31
20210014,PEATON,PEATON,MASCULINO,28,2021-02-18
20210015,CONDUCTOR,MOTO,MASCULINO,26,2021-02-06
20210016,CONDUCTOR,AUTO,MASCULINO,22,2021-02-14
20210017,CONDUCTOR,MOTO,MASCULINO,33,2021-02-17
20210018,PEATON,PEATON,MASCULINO,36,2021-03-08
20210019,CONDUCTOR,MOTO,MASCULINO,30,2021-02-21
20210020,PEATON,PEATON,FEMENINO,30,2021-02-21
20210021,CONDUCTOR,MOTO,MASCULINO,39,2021-03-04
20210023,CONDUCTOR,MOTO,MASCULINO,24,2021-03-01
20210024,CICLISTA,BICICLETA,MASCULINO,5,2021-03-03
20210025,CONDUCTOR,MOTO,MASCULINO,37,2021-03-11
20210026,CONDUCTOR,MOTO,MASCULINO,36,2021-03-15
20210027,CONDUCTOR,MOTO,FEMENINO,19,2021-03-16
20210028,PEATON,PEATON,MASCULINO,30,2021-03-29
20210029,CONDUCTOR,AUTO,MASCULINO,26,2021-04-02
20210030,PEATON,PEATON,MASCULINO,36,2021-04-07
20210031,PEATON,PEATON,FEMENINO,68,2021-04-11
20210032,PEATON,PEATON,MASCULINO,60,2021-04-29
20210033,CONDUCTOR,AUTO,MASCULINO,33,2021-04-14
20210034,PASAJERO_ACOMPAÑANTE,MOTO,FEMENINO,26,2021-04-19
20210035,CONDUCTOR,MOTO,MASCULINO,24,2021-05-03
20210036,CONDUCTOR,MOTO,MASCULINO,36,2021-05-09
20210037,PEATON,PEATON,FEMENINO,58,2021-05-11
20210038,CONDUCTOR,MOTO,FEMENINO,44,2021-05-14
20210039,CICLISTA,BICICLETA,MASCULINO,86,2021-06-05
20210040,CONDUCTOR,MOTO,MASCULINO,27,2021-05-20
20210041,PEATON,PEATON,MASCULINO,75,2021-05-20
20210042,PEATON,PEATON,MASCULINO,39,2021-05-21
20210043,PEATON,PEATON,MASCULINO,50,2021-05-22
20210044,PASAJERO_ACOMPAÑANTE,MOTO,MASCULINO,21,2021-05-25
20210045,CONDUCTOR,MOTO,MASCULINO,22,2021-05-26
20210046,PASAJERO_ACOMPAÑANTE,AUTO,MASCULINO,20,2021-05-31
20210047,CONDUCTOR,MOTO,MASCULINO,59,2021-06-02
20210048,CICLISTA,BICICLETA,MASCULINO,44,2021-06-23
20210049,CONDUCTOR,AUTO,MASCULINO,74,2021-06-03
20210050,CONDUCTOR,MOTO,MASCULINO,56,2021-06-10
20210051,PEATON,PEATON,MASCULINO,73,2021-06-16
20210052,PASAJERO_ACOMPAÑANTE,MOTO,FEMENINO,19,2021-06-20
20210053,PEATON,PEATON,MASCULINO,58,2021-06-30
20210054,CONDUCTOR,MOTO,MASCULINO,41,2021-06-22
20210055,PASAJERO_ACOMPAÑANTE,MOTO,MASCULINO,47,2021-06-29
20210056,CICLISTA,BICICLETA,MASCULINO,60,2021-07-09
20210057,CONDUCTOR,AUTO,MASCULINO,46,2021-07-10
20210058,PEATON,PEATON,MASCULINO,24,2021-07-21
20210059,PASAJERO_ACOMPAÑANTE,AUTO,FEMENINO,44,2021-07-22
20210060,PEATON,PEATON,FEMENINO,80,2021-07-22
20210061,PEATON,PEATON,FEMENINO,55,2021-07-24
20210062,CONDUCTOR,AUTO,MASCULINO,73,2021-07-27
20210063,PASAJERO_ACOMPAÑANTE,AUTO,FEMENINO,31,2021-08-02
20210064,PEATON,PEATON,MASCULINO,37,2021-08-03
20210065,PEATON,PEATON,FEMENINO,63,2021-08-10
20210066,PEATON,PEATON,MASCULINO,59,2021-08-09
20210067,CONDUCTOR,MOTO,MASCULINO,27,2021-08-08
20210068,CONDUCTOR,MOTO,MASCULINO,39,2021-08-15
20210069,PEATON,PEATON,MASCULINO,17,2021-08-21
20210070,CONDUCTOR,MOTO,MASCULINO,31,2021-08-28
20210071,PEATON,PEATON,MASCULINO,88,2021-09-01
20210072,PEATON,PEATON,FEMENINO,57,2021-09-01
20210073,CICLISTA,BICICLETA,FEMENINO,76,2021-09-18
20210074,CONDUCTOR,MOTO,MASCULINO,55,2021-09-20
20210075,PEATON,PEATON,MASCULINO,65,2021-09-21
20210076,CONDUCTOR,MOTO,MASCULINO,31,2021-10-16
20210077,CONDUCTOR,MOTO,FEMENINO,31,2021-10-18
20210078,CONDUCTOR,MOTO,MASCULINO,22,2021-10-23
20210079,PEATON,PEATON,MASCULINO,30,2021-10-25
20210080,CONDUCTOR,MOTO,MASCULINO,32,2021-10-28
20210081,CONDUCTOR,MOTO,MASCULINO,26,2021-11-02
20210082,CONDUCTOR,MOTO,MASCULINO,38,2021-11-06
20210083,CONDUCTOR,MOTO,MASCULINO,30,2021-11-09
20210084,CONDUCTOR,AUTO,MASCULINO,32,2021-11-11
20210097,CICLISTA,BICICLETA,MASCULINO,53,2021-11-19
20210085,CONDUCTOR,MOTO,MASCULINO,49,2021-11-20
20210086,PEATON,PEATON,MASCULINO,75,2021-11-25
20210087,PEATON,PEATON,FEMENINO,73,2021-11-27
20210088,CONDUCTOR,MOTO,MASCULINO,45,2021-12-07
20210089,CONDUCTOR,MOTO,MASCULINO,41,2021-12-11
20210090,PEATON,PEATON,MASCULINO,73,2022-01-03
20210091,CONDUCTOR,MOTO,MASCULINO,24,2021-12-11
20210092,PEATON,PEATON,FEMENINO,50,2021-12-12
20210093,PASAJERO_ACOMPAÑANTE,MOTO,FEMENINO,18,2021-12-18
20210094,PASAJERO_ACOMPAÑANTE,MOTO,FEMENINO,43,2021-12-20
20210095,CONDUCTOR,MOTO,MASCULINO,27,2022-01-02
20210096,CONDUCTOR,AUTO,MASCULINO,60,2021-12-20
